Date,Invoice,Barcode,City, Units Sold , Invoice Total ,Salesperson ID
3-Jan-16,FA63841,XRG527H52J,Paris, 1 , $11 ,S-2705
7-Jan-16,FA79121,XRG527H52J,Toulouse, 1 , $11 ,S-3776
13-Jan-16,FA13246,GFRT45FRD2,Brussels, 8 , $96 ,S-9952
19-Jan-16,FA37931,GFRT45FRD2,Antwerp, 8 , $96 ,S-3557
21-Jan-16,FA89343,HG74477GF1,Marseille, 2 , $26 ,S-4823
24-Jan-16,FA79910,HG74477GF1,Paris, 2 , $26 ,S-2705
30-Jan-16,FA40846,GFRT45FRD2,Paris, 7 , $84 ,S-2705
3-Feb-16,FA10448,GFRT45FRD2,Valencia, 7 , $84 ,S-7526
7-Feb-16,FA56828,HG74477GF1,Marseille, 8 , $104 ,S-4823
11-Feb-16,FA42203,HG74477GF1,Madrid, 8 , $104 ,S-1768
13-Feb-16,FA85422,XRG527H52J,Antwerp, 2 , $22 ,S-3557
16-Feb-16,FA29680,XRG527H52J,Brussels, 2 , $22 ,S-9952
21-Feb-16,FA84366,GFRT45FRD2,Zurich, 5 , $60 ,S-7393
23-Feb-16,FA28058,GFRT45FRD2,Berlin, 5 , $60 ,S-4636
1-Mar-16,FA85907,HG74477GF1,Lyon, 2 , $26 ,S-6290
2-Mar-16,FA96343,HG74477GF1,Paris, 2 , $26 ,S-2705
13-Mar-16,FA21091,GFRT45FRD2,Geneva, 8 , $96 ,S-3274
14-Mar-16,FA90342,GFRT45FRD2,Zurich, 8 , $96 ,S-7393
23-Mar-16,FA37217,GFRT45FRD2,Lyon, 7 , $84 ,S-6290
27-Mar-16,FA53201,GFRT45FRD2,Barcelona, 7 , $84 ,S-8500
28-Mar-16,FA12927,HG74477GF1,Toulouse, 2 , $26 ,S-3776
31-Mar-16,FA85420,HG74477GF1,Marseille, 2 , $26 ,S-4823
3-Apr-16,FA28422,GFRT45FRD2,Brussels, 8 , $96 ,S-9952
8-Apr-16,FA98872,GFRT45FRD2,Antwerp, 8 , $96 ,S-3557
12-Apr-16,FA22947,HG74477GF1,Antwerp, 1 , $13 ,S-3557
15-Apr-16,FA56408,HG74477GF1,Brussels, 1 , $13 ,S-9952
16-Apr-16,FA54386,XRG527H52J,Berlin, 8 , $88 ,S-4636
22-Apr-16,FA65340,XRG527H52J,Geneva, 8 , $88 ,S-3274
23-Apr-16,FA14371,XRG527H52J,Paris, 6 , $66 ,S-2705
24-Apr-16,FA44418,XRG527H52J,Lyon, 6 , $66 ,S-6290
30-Apr-16,FA51808,HG74477GF1,Brussels, 5 , $65 ,S-9952
2-May-16,FA12150,HG74477GF1,Antwerp, 5 , $65 ,S-3557
9-May-16,FA77796,GFRT45FRD2,Antwerp, 7 , $84 ,S-3557
12-May-16,FA21565,GFRT45FRD2,Brussels, 7 , $84 ,S-9952
16-May-16,FA98736,XRG527H52J,Brussels, 5 , $55 ,S-9952
20-May-16,FA59190,XRG527H52J,Antwerp, 5 , $55 ,S-3557
25-May-16,FA96085,GFRT45FRD2,Antwerp, 1 , $12 ,S-3557
30-May-16,FA59422,GFRT45FRD2,Toulouse, 4 , $48 ,S-3776
31-May-16,FA11817,GFRT45FRD2,Brussels, 1 , $12 ,S-9952
3-Jun-16,FA23027,GFRT45FRD2,Valencia, 4 , $48 ,S-7526
4-Jun-16,FA13696,GFRT45FRD2,Paris, 7 , $84 ,S-2705
6-Jun-16,FA97597,GFRT45FRD2,Madrid, 7 , $84 ,S-1768
13-Jun-16,FA27443,XRG527H52J,Zurich, 3 , $33 ,S-7393
19-Jun-16,FA70697,XRG527H52J,Berlin, 3 , $33 ,S-4636
21-Jun-16,FA13073,GFRT45FRD2,Brussels, 2 , $24 ,S-9952
25-Jun-16,FA62340,GFRT45FRD2,Antwerp, 2 , $24 ,S-3557
26-Jun-16,FA48932,GFRT45FRD2,Antwerp, 6 , $72 ,S-3557
29-Jun-16,FA79865,GFRT45FRD2,Brussels, 6 , $72 ,S-9952
2-Jul-16,FA15845,XRG527H52J,Geneva, 6 , $66 ,S-3274
3-Jul-16,FA86772,XRG527H52J,Zurich, 6 , $66 ,S-7393
8-Jul-16,FA49080,HG74477GF1,Paris, 2 , $26 ,S-2705
11-Jul-16,FA14847,HG74477GF1,Toulouse, 2 , $26 ,S-3776
12-Jul-16,FA43861,GFRT45FRD2,Brussels, 4 , $48 ,S-9952
17-Jul-16,FA93706,GFRT45FRD2,Antwerp, 4 , $48 ,S-3557
19-Jul-16,FA34684,HG74477GF1,Antwerp, 1 , $13 ,S-3557
22-Jul-16,FA68899,HG74477GF1,Brussels, 1 , $13 ,S-9952
26-Jul-16,FA61719,GFRT45FRD2,Marseille, 1 , $12 ,S-4823
31-Jul-16,FA22782,XRG527H52J,Brussels, 2 , $22 ,S-9952
31-Jul-16,FA43721,GFRT45FRD2,Paris, 1 , $12 ,S-2705
5-Aug-16,FA48000,XRG527H52J,Antwerp, 2 , $22 ,S-3557
7-Aug-16,FA70262,HG74477GF1,Lyon, 5 , $65 ,S-6290
12-Aug-16,FA31099,HG74477GF1,Paris, 5 , $65 ,S-2705
13-Aug-16,FA21141,GFRT45FRD2,Toulouse, 5 , $60 ,S-3776
17-Aug-16,FA92906,GFRT45FRD2,Marseille, 5 , $60 ,S-4823
20-Aug-16,FA29477,HG74477GF1,Paris, 8 , $104 ,S-2705
24-Aug-16,FA51676,HG74477GF1,Barcelona, 8 , $104 ,S-8500
25-Aug-16,FA18698,GFRT45FRD2,Paris, 4 , $48 ,S-2705
27-Aug-16,FA96175,GFRT45FRD2,Lyon, 4 , $48 ,S-6290
1-Sep-16,FA53571,XRG527H52J,Antwerp, 6 , $66 ,S-3557
6-Sep-16,FA26811,XRG527H52J,Brussels, 6 , $66 ,S-9952
7-Sep-16,FA23374,HG74477GF1,Brussels, 7 , $91 ,S-9952
10-Sep-16,FA45181,XRG527H52J,Marseille, 4 , $44 ,S-4823
13-Sep-16,FA82546,HG74477GF1,Antwerp, 7 , $91 ,S-3557
13-Sep-16,FA28872,HG74477GF1,Paris, 6 , $78 ,S-2705
15-Sep-16,FA38597,XRG527H52J,Valencia, 4 , $44 ,S-7526
18-Sep-16,FA97305,HG74477GF1,Toulouse, 6 , $78 ,S-3776
19-Sep-16,FA90746,GFRT45FRD2,Marseille, 1 , $12 ,S-4823
23-Sep-16,FA77564,GFRT45FRD2,Paris, 1 , $12 ,S-2705
26-Sep-16,FA73173,GFRT45FRD2,Antwerp, 4 , $48 ,S-3557
30-Sep-16,FA78294,XRG527H52J,Brussels, 6 , $66 ,S-9952
1-Oct-16,FA85700,GFRT45FRD2,Brussels, 4 , $48 ,S-9952
4-Oct-16,FA81915,XRG527H52J,Antwerp, 6 , $66 ,S-3557
6-Oct-16,FA39259,GFRT45FRD2,Antwerp, 3 , $36 ,S-3557
8-Oct-16,FA84247,GFRT45FRD2,Brussels, 3 , $36 ,S-9952
9-Oct-16,FA59633,HG74477GF1,Lyon, 2 , $26 ,S-6290
10-Oct-16,FA98605,HG74477GF1,Marseille, 2 , $26 ,S-4823
14-Oct-16,FA67753,GFRT45FRD2,Brussels, 1 , $12 ,S-9952
19-Oct-16,FA89428,GFRT45FRD2,Antwerp, 1 , $12 ,S-3557
19-Oct-16,FA28015,GFRT45FRD2,Berlin, 2 , $24 ,S-4636
22-Oct-16,FA74062,GFRT45FRD2,Geneva, 2 , $24 ,S-3274
23-Oct-16,FA49993,XRG527H52J,Lyon, 8 , $88 ,S-6290
26-Oct-16,FA24723,HG74477GF1,Antwerp, 6 , $78 ,S-3557
27-Oct-16,FA61694,HG74477GF1,Brussels, 6 , $78 ,S-9952
29-Oct-16,FA29309,XRG527H52J,Madrid, 8 , $88 ,S-1768
30-Oct-16,FA14174,HG74477GF1,Zurich, 7 , $91 ,S-7393
1-Nov-16,FA41316,HG74477GF1,Berlin, 7 , $91 ,S-4636
5-Nov-16,FA69522,XRG527H52J,Brussels, 2 , $22 ,S-9952
7-Nov-16,FA41359,XRG527H52J,Antwerp, 2 , $22 ,S-3557
10-Nov-16,FA78829,GFRT45FRD2,Toulouse, 6 , $72 ,S-3776
12-Nov-16,FA39886,GFRT45FRD2,Barcelona, 6 , $72 ,S-8500
15-Nov-16,FA18587,GFRT45FRD2,Madrid, 6 , $72 ,S-1768
17-Nov-16,FA98085,GFRT45FRD2,Valencia, 6 , $72 ,S-7526
20-Nov-16,FA75190,GFRT45FRD2,Toulouse, 8 , $96 ,S-3776
21-Nov-16,FA56722,GFRT45FRD2,Lyon, 8 , $96 ,S-6290
23-Nov-16,FA81059,XRG527H52J,Antwerp, 3 , $33 ,S-3557
25-Nov-16,FA60417,XRG527H52J,Brussels, 3 , $33 ,S-9952
28-Nov-16,FA59751,GFRT45FRD2,Barcelona, 2 , $24 ,S-8500
30-Nov-16,FA50526,GFRT45FRD2,Brussels, 1 , $12 ,S-9952
4-Dec-16,FA12006,GFRT45FRD2,Antwerp, 8 , $96 ,S-3557
4-Dec-16,FA22767,GFRT45FRD2,Antwerp, 1 , $12 ,S-3557
4-Dec-16,FA47812,GFRT45FRD2,Madrid, 2 , $24 ,S-1768
5-Dec-16,FA55283,GFRT45FRD2,Brussels, 8 , $96 ,S-9952
7-Dec-16,FA13165,HG74477GF1,Valencia, 1 , $13 ,S-7526
9-Dec-16,FA80294,HG74477GF1,Geneva, 5 , $65 ,S-3274
13-Dec-16,FA63830,HG74477GF1,Barcelona, 1 , $13 ,S-8500
14-Dec-16,FA13214,GFRT45FRD2,Madrid, 1 , $12 ,S-1768
14-Dec-16,FA73440,HG74477GF1,Zurich, 5 , $65 ,S-7393
15-Dec-16,FA64884,GFRT45FRD2,Valencia, 1 , $12 ,S-7526
16-Dec-16,FA55770,GFRT45FRD2,Barcelona, 1 , $12 ,S-8500
19-Dec-16,FA37158,GFRT45FRD2,Madrid, 1 , $12 ,S-1768
20-Dec-16,FA31574,HG74477GF1,Berlin, 4 , $52 ,S-4636
23-Dec-16,FA74673,GFRT45FRD2,Brussels, 5 , $60 ,S-9952
25-Dec-16,FA38684,HG74477GF1,Zurich, 3 , $39 ,S-7393
25-Dec-16,FA45443,HG74477GF1,Geneva, 4 , $52 ,S-3274
26-Dec-16,FA48910,HG74477GF1,Berlin, 3 , $39 ,S-4636
27-Dec-16,FA85338,GFRT45FRD2,Antwerp, 5 , $60 ,S-3557
28-Dec-16,FA41820,GFRT45FRD2,Valencia, 8 , $96 ,S-7526
31-Dec-16,FA29046,GFRT45FRD2,Paris, 6 , $72 ,S-2705
31-Dec-16,FA21808,GFRT45FRD2,Barcelona, 8 , $96 ,S-8500
3-Jan-17,FA97455,GFRT45FRD2,Toulouse, 6 , $72 ,S-3776
5-Jan-17,FA59518,GFRT45FRD2,Geneva, 1 , $12 ,S-3274
6-Jan-17,FA96717,GFRT45FRD2,Zurich, 1 , $12 ,S-7393
9-Jan-17,FA96502,HG74477GF1,Berlin, 8 , $104 ,S-4636
11-Jan-17,FA44370,GFRT45FRD2,Antwerp, 5 , $60 ,S-3557
12-Jan-17,FA84182,GFRT45FRD2,Brussels, 5 , $60 ,S-9952
12-Jan-17,FA67702,HG74477GF1,Geneva, 8 , $104 ,S-3274
16-Jan-17,FA39203,HG74477GF1,Madrid, 6 , $78 ,S-1768
17-Jan-17,FA85141,HG74477GF1,Valencia, 6 , $78 ,S-7526
19-Jan-17,FA73317,GFRT45FRD2,Barcelona, 8 , $96 ,S-8500
21-Jan-17,FA39345,GFRT45FRD2,Madrid, 8 , $96 ,S-1768
24-Jan-17,FA36383,GFRT45FRD2,Paris, 3 , $36 ,S-2705
28-Jan-17,FA89416,HG74477GF1,Brussels, 5 , $65 ,S-9952
28-Jan-17,FA71865,GFRT45FRD2,Paris, 3 , $36 ,S-2705
31-Jan-17,FA77839,HG74477GF1,Marseille, 5 , $65 ,S-4823
3-Feb-17,FA62261,HG74477GF1,Antwerp, 1 , $13 ,S-3557
3-Feb-17,FA32239,HG74477GF1,Antwerp, 5 , $65 ,S-3557
5-Feb-17,FA56114,HG74477GF1,Brussels, 1 , $13 ,S-9952
5-Feb-17,FA62759,HG74477GF1,Paris, 5 , $65 ,S-2705
8-Feb-17,FA59787,XRG527H52J,Brussels, 4 , $44 ,S-9952
10-Feb-17,FA68870,XRG527H52J,Lyon, 2 , $22 ,S-6290
12-Feb-17,FA48383,XRG527H52J,Antwerp, 4 , $44 ,S-3557
12-Feb-17,FA88209,XRG527H52J,Marseille, 2 , $22 ,S-4823
14-Feb-17,FA25420,HG74477GF1,Antwerp, 6 , $78 ,S-3557
16-Feb-17,FA87100,GFRT45FRD2,Zurich, 7 , $84 ,S-7393
18-Feb-17,FA27218,GFRT45FRD2,Toulouse, 5 , $60 ,S-3776
19-Feb-17,FA49951,HG74477GF1,Brussels, 6 , $78 ,S-9952
20-Feb-17,FA73766,GFRT45FRD2,Berlin, 7 , $84 ,S-4636
22-Feb-17,FA30326,GFRT45FRD2,Lyon, 5 , $60 ,S-6290
23-Feb-17,FA54963,HG74477GF1,Geneva, 8 , $104 ,S-3274
25-Feb-17,FA10648,HG74477GF1,Zurich, 8 , $104 ,S-7393
27-Feb-17,FA88330,XRG527H52J,Paris, 3 , $33 ,S-2705
2-Mar-17,FA29401,GFRT45FRD2,Paris, 4 , $48 ,S-2705
2-Mar-17,FA43058,XRG527H52J,Toulouse, 3 , $33 ,S-3776
5-Mar-17,FA26800,GFRT45FRD2,Berlin, 7 , $84 ,S-4636
6-Mar-17,FA58608,GFRT45FRD2,Paris, 4 , $48 ,S-2705
8-Mar-17,FA72376,XRG527H52J,Marseille, 5 , $55 ,S-4823
9-Mar-17,FA29515,GFRT45FRD2,Geneva, 7 , $84 ,S-3274
12-Mar-17,FA40765,XRG527H52J,Paris, 5 , $55 ,S-2705
13-Mar-17,FA64145,HG74477GF1,Zurich, 8 , $104 ,S-7393
14-Mar-17,FA22458,HG74477GF1,Berlin, 8 , $104 ,S-4636
16-Mar-17,FA51881,GFRT45FRD2,Lyon, 7 , $84 ,S-6290
21-Mar-17,FA44711,GFRT45FRD2,Toulouse, 1 , $12 ,S-3776
22-Mar-17,FA69979,GFRT45FRD2,Marseille, 7 , $84 ,S-4823
23-Mar-17,FA91026,HG74477GF1,Valencia, 3 , $39 ,S-7526
25-Mar-17,FA28620,GFRT45FRD2,Lyon, 1 , $12 ,S-6290
27-Mar-17,FA56133,HG74477GF1,Barcelona, 3 , $39 ,S-8500
28-Mar-17,FA98902,HG74477GF1,Paris, 5 , $65 ,S-2705
31-Mar-17,FA10869,XRG527H52J,Madrid, 7 , $77 ,S-1768
1-Apr-17,FA83337,HG74477GF1,Toulouse, 5 , $65 ,S-3776
2-Apr-17,FA59097,XRG527H52J,Valencia, 7 , $77 ,S-7526
3-Apr-17,FA67589,XRG527H52J,Paris, 4 , $44 ,S-2705
5-Apr-17,FA61872,XRG527H52J,Paris, 4 , $44 ,S-2705
6-Apr-17,FA99526,GFRT45FRD2,Marseille, 1 , $12 ,S-4823
8-Apr-17,FA49212,GFRT45FRD2,Paris, 1 , $12 ,S-2705
8-Apr-17,FA61964,XRG527H52J,Geneva, 2 , $22 ,S-3274
10-Apr-17,FA10409,GFRT45FRD2,Lyon, 8 , $96 ,S-6290
12-Apr-17,FA28911,GFRT45FRD2,Marseille, 8 , $96 ,S-4823
12-Apr-17,FA17074,HG74477GF1,Barcelona, 1 , $13 ,S-8500
12-Apr-17,FA62163,XRG527H52J,Zurich, 2 , $22 ,S-7393
15-Apr-17,FA39130,XRG527H52J,Toulouse, 3 , $33 ,S-3776
18-Apr-17,FA84160,HG74477GF1,Paris, 4 , $52 ,S-2705
18-Apr-17,FA23054,HG74477GF1,Madrid, 1 , $13 ,S-1768
20-Apr-17,FA32217,XRG527H52J,Lyon, 3 , $33 ,S-6290
20-Apr-17,FA45247,XRG527H52J,Berlin, 2 , $22 ,S-4636
22-Apr-17,FA33782,XRG527H52J,Geneva, 2 , $22 ,S-3274
23-Apr-17,FA42994,XRG527H52J,Paris, 5 , $55 ,S-2705
24-Apr-17,FA69524,HG74477GF1,Toulouse, 4 , $52 ,S-3776
26-Apr-17,FA85670,GFRT45FRD2,Zurich, 1 , $12 ,S-7393
28-Apr-17,FA93794,XRG527H52J,Paris, 5 , $55 ,S-2705
29-Apr-17,FA98742,XRG527H52J,Brussels, 2 , $22 ,S-9952
1-May-17,FA53301,GFRT45FRD2,Berlin, 1 , $12 ,S-4636
2-May-17,FA22934,GFRT45FRD2,Geneva, 7 , $84 ,S-3274
5-May-17,FA80437,XRG527H52J,Antwerp, 2 , $22 ,S-3557
6-May-17,FA64038,XRG527H52J,Valencia, 5 , $55 ,S-7526
8-May-17,FA16173,GFRT45FRD2,Zurich, 7 , $84 ,S-7393
9-May-17,FA55367,XRG527H52J,Barcelona, 5 , $55 ,S-8500
10-May-17,FA63888,XRG527H52J,Marseille, 2 , $22 ,S-4823
13-May-17,FA76918,XRG527H52J,Paris, 2 , $22 ,S-2705
14-May-17,FA43768,HG74477GF1,Lyon, 3 , $39 ,S-6290
17-May-17,FA85122,HG74477GF1,Madrid, 2 , $26 ,S-1768
18-May-17,FA80596,HG74477GF1,Valencia, 2 , $26 ,S-7526
19-May-17,FA74704,HG74477GF1,Toulouse, 3 , $39 ,S-3776
19-May-17,FA98811,HG74477GF1,Marseille, 3 , $39 ,S-4823
20-May-17,FA21441,HG74477GF1,Lyon, 3 , $39 ,S-6290
22-May-17,FA48542,GFRT45FRD2,Paris, 8 , $96 ,S-2705
25-May-17,FA12552,GFRT45FRD2,Toulouse, 8 , $96 ,S-3776
26-May-17,FA10318,XRG527H52J,Paris, 1 , $11 ,S-2705
28-May-17,FA73633,XRG527H52J,Marseille, 8 , $88 ,S-4823
29-May-17,FA27992,XRG527H52J,Paris, 1 , $11 ,S-2705
30-May-17,FA55044,HG74477GF1,Berlin, 5 , $65 ,S-4636
31-May-17,FA67198,XRG527H52J,Paris, 8 , $88 ,S-2705
3-Jun-17,FA50830,GFRT45FRD2,Antwerp, 1 , $12 ,S-3557
3-Jun-17,FA92122,HG74477GF1,Geneva, 5 , $65 ,S-3274
6-Jun-17,FA42967,GFRT45FRD2,Brussels, 1 , $12 ,S-9952
6-Jun-17,FA18263,XRG527H52J,Lyon, 8 , $88 ,S-6290
8-Jun-17,FA59067,HG74477GF1,Toulouse, 1 , $13 ,S-3776
10-Jun-17,FA83794,GFRT45FRD2,Paris, 6 , $72 ,S-2705
10-Jun-17,FA82438,HG74477GF1,Lyon, 1 , $13 ,S-6290
11-Jun-17,FA67777,XRG527H52J,Marseille, 8 , $88 ,S-4823
14-Jun-17,FA63682,XRG527H52J,Barcelona, 5 , $55 ,S-8500
16-Jun-17,FA59657,GFRT45FRD2,Toulouse, 6 , $72 ,S-3776
17-Jun-17,FA65553,XRG527H52J,Madrid, 5 , $55 ,S-1768
17-Jun-17,FA82107,GFRT45FRD2,Zurich, 3 , $36 ,S-7393
18-Jun-17,FA81615,HG74477GF1,Brussels, 8 , $104 ,S-9952
19-Jun-17,FA49281,GFRT45FRD2,Berlin, 3 , $36 ,S-4636
21-Jun-17,FA47763,XRG527H52J,Geneva, 1 , $11 ,S-3274
22-Jun-17,FA31168,HG74477GF1,Antwerp, 8 , $104 ,S-3557
22-Jun-17,FA71876,GFRT45FRD2,Valencia, 3 , $36 ,S-7526
23-Jun-17,FA30311,GFRT45FRD2,Barcelona, 3 , $36 ,S-8500
25-Jun-17,FA89090,GFRT45FRD2,Antwerp, 4 , $48 ,S-3557
25-Jun-17,FA90302,XRG527H52J,Zurich, 1 , $11 ,S-7393
29-Jun-17,FA14754,GFRT45FRD2,Brussels, 4 , $48 ,S-9952
29-Jun-17,FA44789,HG74477GF1,Berlin, 8 , $104 ,S-4636
2-Jul-17,FA16461,HG74477GF1,Geneva, 8 , $104 ,S-3274
3-Jul-17,FA86552,XRG527H52J,Madrid, 7 , $77 ,S-1768
7-Jul-17,FA95219,XRG527H52J,Marseille, 5 , $55 ,S-4823
8-Jul-17,FA49592,XRG527H52J,Valencia, 7 , $77 ,S-7526
10-Jul-17,FA72754,XRG527H52J,Paris, 5 , $55 ,S-2705
11-Jul-17,FA72559,GFRT45FRD2,Zurich, 2 , $24 ,S-7393
15-Jul-17,FA38484,XRG527H52J,Barcelona, 5 , $55 ,S-8500
16-Jul-17,FA19382,GFRT45FRD2,Berlin, 2 , $24 ,S-4636
18-Jul-17,FA43353,HG74477GF1,Lyon, 7 , $91 ,S-6290
19-Jul-17,FA70305,XRG527H52J,Madrid, 5 , $55 ,S-1768
20-Jul-17,FA34157,HG74477GF1,Toulouse, 1 , $13 ,S-3776
22-Jul-17,FA60236,HG74477GF1,Marseille, 7 , $91 ,S-4823
24-Jul-17,FA88508,XRG527H52J,Paris, 7 , $77 ,S-2705
24-Jul-17,FA94861,HG74477GF1,Lyon, 1 , $13 ,S-6290
25-Jul-17,FA92698,XRG527H52J,Toulouse, 7 , $77 ,S-3776
28-Jul-17,FA39083,GFRT45FRD2,Valencia, 4 , $48 ,S-7526
30-Jul-17,FA21191,XRG527H52J,Brussels, 6 , $66 ,S-9952
1-Aug-17,FA64712,GFRT45FRD2,Barcelona, 4 , $48 ,S-8500
3-Aug-17,FA24424,GFRT45FRD2,Paris, 2 , $24 ,S-2705
4-Aug-17,FA72031,XRG527H52J,Antwerp, 6 , $66 ,S-3557
5-Aug-17,FA48915,GFRT45FRD2,Paris, 2 , $24 ,S-2705
5-Aug-17,FA81170,GFRT45FRD2,Geneva, 6 , $72 ,S-3274
9-Aug-17,FA20987,XRG527H52J,Marseille, 8 , $88 ,S-4823
10-Aug-17,FA17037,XRG527H52J,Paris, 8 , $88 ,S-2705
11-Aug-17,FA66542,XRG527H52J,Lyon, 7 , $77 ,S-6290
11-Aug-17,FA73391,GFRT45FRD2,Zurich, 6 , $72 ,S-7393
13-Aug-17,FA93204,XRG527H52J,Marseille, 7 , $77 ,S-4823
14-Aug-17,FA92838,GFRT45FRD2,Antwerp, 2 , $24 ,S-3557
17-Aug-17,FA75959,HG74477GF1,Berlin, 8 , $104 ,S-4636
20-Aug-17,FA85861,GFRT45FRD2,Brussels, 2 , $24 ,S-9952
20-Aug-17,FA67377,HG74477GF1,Toulouse, 6 , $78 ,S-3776
22-Aug-17,FA33164,HG74477GF1,Geneva, 8 , $104 ,S-3274
24-Aug-17,FA75193,XRG527H52J,Brussels, 6 , $66 ,S-9952
25-Aug-17,FA66090,HG74477GF1,Lyon, 6 , $78 ,S-6290
27-Aug-17,FA15057,GFRT45FRD2,Paris, 3 , $36 ,S-2705
29-Aug-17,FA10883,GFRT45FRD2,Toulouse, 3 , $36 ,S-3776
29-Aug-17,FA12152,XRG527H52J,Madrid, 4 , $44 ,S-1768
30-Aug-17,FA68331,XRG527H52J,Antwerp, 6 , $66 ,S-3557
31-Aug-17,FA17629,XRG527H52J,Antwerp, 1 , $11 ,S-3557
2-Sep-17,FA72207,XRG527H52J,Brussels, 1 , $11 ,S-9952
4-Sep-17,FA55565,XRG527H52J,Brussels, 1 , $11 ,S-9952
4-Sep-17,FA81283,XRG527H52J,Antwerp, 1 , $11 ,S-3557
4-Sep-17,FA90093,XRG527H52J,Valencia, 4 , $44 ,S-7526
6-Sep-17,FA35601,HG74477GF1,Zurich, 6 , $78 ,S-7393
9-Sep-17,FA60289,HG74477GF1,Berlin, 6 , $78 ,S-4636
10-Sep-17,FA54718,XRG527H52J,Geneva, 3 , $33 ,S-3274
12-Sep-17,FA33810,GFRT45FRD2,Antwerp, 4 , $48 ,S-3557
12-Sep-17,FA39188,XRG527H52J,Zurich, 3 , $33 ,S-7393
16-Sep-17,FA36097,GFRT45FRD2,Brussels, 4 , $48 ,S-9952
17-Sep-17,FA63354,GFRT45FRD2,Brussels, 4 , $48 ,S-9952
17-Sep-17,FA45836,GFRT45FRD2,Antwerp, 4 , $48 ,S-3557
18-Sep-17,FA16838,HG74477GF1,Paris, 7 , $91 ,S-2705
22-Sep-17,FA69899,HG74477GF1,Paris, 7 , $91 ,S-2705
22-Sep-17,FA13250,XRG527H52J,Berlin, 4 , $44 ,S-4636
25-Sep-17,FA32785,HG74477GF1,Barcelona, 2 , $26 ,S-8500
25-Sep-17,FA97845,XRG527H52J,Geneva, 4 , $44 ,S-3274
28-Sep-17,FA94406,HG74477GF1,Madrid, 2 , $26 ,S-1768
29-Sep-17,FA76037,XRG527H52J,Antwerp, 8 , $88 ,S-3557
2-Oct-17,FA22075,XRG527H52J,Valencia, 3 , $33 ,S-7526
4-Oct-17,FA79631,HG74477GF1,Madrid, 5 , $65 ,S-1768
5-Oct-17,FA11517,XRG527H52J,Brussels, 8 , $88 ,S-9952
6-Oct-17,FA34256,GFRT45FRD2,Barcelona, 1 , $12 ,S-8500
6-Oct-17,FA93094,XRG527H52J,Barcelona, 3 , $33 ,S-8500
6-Oct-17,FA33539,HG74477GF1,Valencia, 5 , $65 ,S-7526
10-Oct-17,FA95098,HG74477GF1,Marseille, 4 , $52 ,S-4823
11-Oct-17,FA92671,GFRT45FRD2,Madrid, 1 , $12 ,S-1768
12-Oct-17,FA68596,XRG527H52J,Zurich, 5 , $55 ,S-7393
14-Oct-17,FA64704,HG74477GF1,Lyon, 4 , $52 ,S-6290
14-Oct-17,FA83610,HG74477GF1,Paris, 4 , $52 ,S-2705
15-Oct-17,FA66237,XRG527H52J,Berlin, 5 , $55 ,S-4636
16-Oct-17,FA12133,HG74477GF1,Marseille, 4 , $52 ,S-4823
17-Oct-17,FA43928,XRG527H52J,Toulouse, 6 , $66 ,S-3776
18-Oct-17,FA24193,HG74477GF1,Brussels, 3 , $39 ,S-9952
20-Oct-17,FA26794,HG74477GF1,Berlin, 3 , $39 ,S-4636
22-Oct-17,FA20459,GFRT45FRD2,Antwerp, 6 , $72 ,S-3557
22-Oct-17,FA47253,XRG527H52J,Lyon, 6 , $66 ,S-6290
26-Oct-17,FA82150,HG74477GF1,Paris, 1 , $13 ,S-2705
27-Oct-17,FA99548,XRG527H52J,Brussels, 1 , $11 ,S-9952
28-Oct-17,FA72077,GFRT45FRD2,Berlin, 6 , $72 ,S-4636
28-Oct-17,FA97690,XRG527H52J,Paris, 7 , $77 ,S-2705
30-Oct-17,FA15720,GFRT45FRD2,Paris, 5 , $60 ,S-2705
30-Oct-17,FA47722,HG74477GF1,Toulouse, 1 , $13 ,S-3776
31-Oct-17,FA20923,XRG527H52J,Antwerp, 4 , $44 ,S-3557
31-Oct-17,FA75082,XRG527H52J,Berlin, 1 , $11 ,S-4636
1-Nov-17,FA37315,XRG527H52J,Paris, 7 , $77 ,S-2705
2-Nov-17,FA59879,GFRT45FRD2,Paris, 5 , $60 ,S-2705
3-Nov-17,FA86296,XRG527H52J,Berlin, 4 , $44 ,S-4636
3-Nov-17,FA30611,HG74477GF1,Geneva, 6 , $78 ,S-3274
7-Nov-17,FA19000,HG74477GF1,Brussels, 1 , $13 ,S-9952
7-Nov-17,FA14557,HG74477GF1,Zurich, 6 , $78 ,S-7393
11-Nov-17,FA55748,HG74477GF1,Berlin, 1 , $13 ,S-4636
11-Nov-17,FA27859,HG74477GF1,Valencia, 7 , $91 ,S-7526
12-Nov-17,FA95187,HG74477GF1,Barcelona, 7 , $91 ,S-8500
13-Nov-17,FA74653,GFRT45FRD2,Madrid, 3 , $36 ,S-1768
17-Nov-17,FA78331,GFRT45FRD2,Marseille, 2 , $24 ,S-4823
18-Nov-17,FA35715,GFRT45FRD2,Valencia, 3 , $36 ,S-7526
19-Nov-17,FA51975,HG74477GF1,Lyon, 8 , $104 ,S-6290
22-Nov-17,FA83064,GFRT45FRD2,Marseille, 2 , $24 ,S-4823
22-Nov-17,FA42721,HG74477GF1,Lyon, 8 , $104 ,S-6290
23-Nov-17,FA69625,GFRT45FRD2,Barcelona, 6 , $72 ,S-8500
27-Nov-17,FA89592,XRG527H52J,Toulouse, 5 , $55 ,S-3776
28-Nov-17,FA62766,GFRT45FRD2,Paris, 4 , $48 ,S-2705
28-Nov-17,FA91122,GFRT45FRD2,Madrid, 6 , $72 ,S-1768
29-Nov-17,FA72421,GFRT45FRD2,Marseille, 4 , $48 ,S-4823
30-Nov-17,FA96630,XRG527H52J,Paris, 8 , $88 ,S-2705
1-Dec-17,FA26268,GFRT45FRD2,Berlin, 8 , $96 ,S-4636
2-Dec-17,FA24356,XRG527H52J,Paris, 5 , $55 ,S-2705
3-Dec-17,FA70831,HG74477GF1,Marseille, 5 , $65 ,S-4823
4-Dec-17,FA59814,XRG527H52J,Lyon, 8 , $88 ,S-6290
5-Dec-17,FA34155,GFRT45FRD2,Valencia, 3 , $36 ,S-7526
5-Dec-17,FA21165,GFRT45FRD2,Geneva, 8 , $96 ,S-3274
6-Dec-17,FA77554,GFRT45FRD2,Lyon, 4 , $48 ,S-6290
6-Dec-17,FA83059,HG74477GF1,Toulouse, 5 , $65 ,S-3776
8-Dec-17,FA33832,GFRT45FRD2,Toulouse, 5 , $60 ,S-3776
9-Dec-17,FA20032,GFRT45FRD2,Paris, 4 , $48 ,S-2705
9-Dec-17,FA90890,GFRT45FRD2,Barcelona, 3 , $36 ,S-8500
10-Dec-17,FA14527,HG74477GF1,Paris, 1 , $13 ,S-2705
11-Dec-17,FA88510,HG74477GF1,Marseille, 1 , $13 ,S-4823
12-Dec-17,FA12449,XRG527H52J,Madrid, 4 , $44 ,S-1768
13-Dec-17,FA13897,HG74477GF1,Barcelona, 5 , $65 ,S-8500
14-Dec-17,FA48017,GFRT45FRD2,Paris, 5 , $60 ,S-2705
14-Dec-17,FA73298,GFRT45FRD2,Valencia, 5 , $60 ,S-7526
15-Dec-17,FA58571,GFRT45FRD2,Barcelona, 5 , $60 ,S-8500
16-Dec-17,FA66838,GFRT45FRD2,Paris, 1 , $12 ,S-2705
16-Dec-17,FA25732,XRG527H52J,Valencia, 4 , $44 ,S-7526
16-Dec-17,FA60627,HG74477GF1,Madrid, 5 , $65 ,S-1768
17-Dec-17,FA42440,GFRT45FRD2,Lyon, 1 , $12 ,S-6290
17-Dec-17,FA77658,GFRT45FRD2,Madrid, 6 , $72 ,S-1768
19-Dec-17,FA82701,HG74477GF1,Barcelona, 2 , $26 ,S-8500
20-Dec-17,FA80108,GFRT45FRD2,Valencia, 6 , $72 ,S-7526
23-Dec-17,FA41991,GFRT45FRD2,Valencia, 1 , $12 ,S-7526
24-Dec-17,FA55268,HG74477GF1,Madrid, 2 , $26 ,S-1768
27-Dec-17,FA18781,GFRT45FRD2,Zurich, 1 , $12 ,S-7393
29-Dec-17,FA97689,GFRT45FRD2,Barcelona, 1 , $12 ,S-8500
30-Dec-17,FA87881,HG74477GF1,Antwerp, 8 , $104 ,S-3557
31-Dec-17,FA83986,GFRT45FRD2,Berlin, 1 , $12 ,S-4636
2-Jan-18,FA36391,XRG527H52J,Madrid, 4 , $44 ,S-1768
4-Jan-18,FA48464,HG74477GF1,Berlin, 8 , $104 ,S-4636
5-Jan-18,FA26956,GFRT45FRD2,Brussels, 8 , $96 ,S-9952
6-Jan-18,FA69908,XRG527H52J,Valencia, 4 , $44 ,S-7526
8-Jan-18,FA64836,GFRT45FRD2,Berlin, 8 , $96 ,S-4636
9-Jan-18,FA33241,XRG527H52J,Barcelona, 2 , $22 ,S-8500
11-Jan-18,FA87900,XRG527H52J,Madrid, 2 , $22 ,S-1768
13-Jan-18,FA15242,HG74477GF1,Valencia, 3 , $39 ,S-7526
17-Jan-18,FA25041,HPL4550K17,Marseille, 6 , $84 ,S-4823
18-Jan-18,FA99988,HG74477GF1,Barcelona, 3 , $39 ,S-8500
19-Jan-18,FA88904,XRG527H52J,Madrid, 8 , $88 ,S-1768
20-Jan-18,FA31249,GFRT45FRD2,Barcelona, 8 , $96 ,S-8500
21-Jan-18,FA87485,GFRT45FRD2,Lyon, 4 , $48 ,S-6290
22-Jan-18,FA48866,HPL4550K17,Toulouse, 6 , $84 ,S-3776
22-Jan-18,FA71440,XRG527H52J,Valencia, 8 , $88 ,S-7526
23-Jan-18,FA22233,GFRT45FRD2,Toulouse, 6 , $72 ,S-3776
23-Jan-18,FA72407,GFRT45FRD2,Paris, 4 , $48 ,S-2705
24-Jan-18,FA46335,HPL4550K17,Valencia, 7 , $98 ,S-7526
25-Jan-18,FA91855,GFRT45FRD2,Madrid, 8 , $96 ,S-1768
25-Jan-18,FA79504,GFRT45FRD2,Geneva, 3 , $36 ,S-3274
27-Jan-18,FA76367,GFRT45FRD2,Paris, 6 , $72 ,S-2705
27-Jan-18,FA54408,HPL4550K17,Barcelona, 7 , $98 ,S-8500
27-Jan-18,FA16333,GFRT45FRD2,Zurich, 3 , $36 ,S-7393
28-Jan-18,FA34835,HG74477GF1,Madrid, 4 , $52 ,S-1768
31-Jan-18,FA60976,HPL4550K17,Paris, 6 , $84 ,S-2705
2-Feb-18,FA53310,HG74477GF1,Valencia, 4 , $52 ,S-7526
3-Feb-18,FA96602,HPL4550K17,Marseille, 6 , $84 ,S-4823
3-Feb-18,FA74230,XRG527H52J,Barcelona, 1 , $11 ,S-8500
6-Feb-18,FA85487,XRG527H52J,Antwerp, 6 , $66 ,S-3557
6-Feb-18,FA69649,XRG527H52J,Madrid, 1 , $11 ,S-1768
7-Feb-18,FA35324,GFRT45FRD2,Paris, 1 , $12 ,S-2705
9-Feb-18,FA80538,GFRT45FRD2,Brussels, 3 , $36 ,S-9952
10-Feb-18,FA13997,XRG527H52J,Berlin, 6 , $66 ,S-4636
11-Feb-18,FA99553,GFRT45FRD2,Berlin, 3 , $36 ,S-4636
11-Feb-18,FA95676,GFRT45FRD2,Lyon, 1 , $12 ,S-6290
11-Feb-18,FA41836,HG74477GF1,Valencia, 3 , $39 ,S-7526
13-Feb-18,FA74288,HG74477GF1,Barcelona, 3 , $39 ,S-8500
14-Feb-18,FA67406,GFRT45FRD2,Antwerp, 8 , $96 ,S-3557
16-Feb-18,FA41281,HPL4550K17,Berlin, 3 , $42 ,S-4636
19-Feb-18,FA44548,GFRT45FRD2,Marseille, 7 , $84 ,S-4823
20-Feb-18,FA15871,GFRT45FRD2,Berlin, 8 , $96 ,S-4636
20-Feb-18,FA25395,HPL4550K17,Geneva, 3 , $42 ,S-3274
23-Feb-18,FA70212,GFRT45FRD2,Lyon, 5 , $60 ,S-6290
24-Feb-18,FA38710,GFRT45FRD2,Toulouse, 7 , $84 ,S-3776
24-Feb-18,FA52517,GFRT45FRD2,Paris, 5 , $60 ,S-2705
26-Feb-18,FA47427,HG74477GF1,Madrid, 4 , $52 ,S-1768
2-Mar-18,FA48134,XRG527H52J,Barcelona, 5 , $55 ,S-8500
4-Mar-18,FA11985,HG74477GF1,Valencia, 4 , $52 ,S-7526
5-Mar-18,FA72126,XRG527H52J,Toulouse, 1 , $11 ,S-3776
6-Mar-18,FA31933,GFRT45FRD2,Valencia, 8 , $96 ,S-7526
7-Mar-18,FA38519,XRG527H52J,Madrid, 5 , $55 ,S-1768
8-Mar-18,FA61323,GFRT45FRD2,Barcelona, 8 , $96 ,S-8500
9-Mar-18,FA38183,GFRT45FRD2,Madrid, 7 , $84 ,S-1768
10-Mar-18,FA97296,GFRT45FRD2,Valencia, 7 , $84 ,S-7526
11-Mar-18,FA78363,HPL4550K17,Paris, 5 , $70 ,S-2705
11-Mar-18,FA39175,XRG527H52J,Paris, 1 , $11 ,S-2705
12-Mar-18,FA53965,HPL4550K17,Marseille, 5 , $70 ,S-4823
15-Mar-18,FA68381,HPL4550K17,Paris, 4 , $56 ,S-2705
16-Mar-18,FA40700,GFRT45FRD2,Marseille, 6 , $72 ,S-4823
16-Mar-18,FA50776,HPL4550K17,Lyon, 4 , $56 ,S-6290
17-Mar-18,FA23991,GFRT45FRD2,Zurich, 4 , $48 ,S-7393
18-Mar-18,FA98867,GFRT45FRD2,Toulouse, 6 , $72 ,S-3776
18-Mar-18,FA67499,HPL4550K17,Barcelona, 4 , $56 ,S-8500
19-Mar-18,FA16061,HG74477GF1,Lyon, 1 , $13 ,S-6290
19-Mar-18,FA78894,GFRT45FRD2,Berlin, 4 , $48 ,S-4636
20-Mar-18,FA19753,HG74477GF1,Paris, 1 , $13 ,S-2705
23-Mar-18,FA28093,HG74477GF1,Brussels, 8 , $104 ,S-9952
23-Mar-18,FA21953,HPL4550K17,Madrid, 4 , $56 ,S-1768
25-Mar-18,FA11953,HG74477GF1,Toulouse, 1 , $13 ,S-3776
27-Mar-18,FA75159,HG74477GF1,Berlin, 8 , $104 ,S-4636
27-Mar-18,FA96297,GFRT45FRD2,Geneva, 4 , $48 ,S-3274
29-Mar-18,FA74654,HG74477GF1,Paris, 1 , $13 ,S-2705
30-Mar-18,FA70821,HPL4550K17,Paris, 1 , $14 ,S-2705
31-Mar-18,FA26359,GFRT45FRD2,Zurich, 4 , $48 ,S-7393
1-Apr-18,FA80774,HPL4550K17,Antwerp, 4 , $56 ,S-3557
4-Apr-18,FA65439,XRG527H52J,Paris, 8 , $88 ,S-2705
4-Apr-18,FA21275,HPL4550K17,Paris, 1 , $14 ,S-2705
6-Apr-18,FA74487,HPL4550K17,Paris, 4 , $56 ,S-2705
6-Apr-18,FA64776,XRG527H52J,Marseille, 8 , $88 ,S-4823
7-Apr-18,FA75645,HPL4550K17,Berlin, 4 , $56 ,S-4636
7-Apr-18,FA36041,HG74477GF1,Valencia, 6 , $78 ,S-7526
10-Apr-18,FA57131,HG74477GF1,Barcelona, 6 , $78 ,S-8500
11-Apr-18,FA46436,HPL4550K17,Berlin, 8 , $112 ,S-4636
12-Apr-18,FA71090,HPL4550K17,Lyon, 4 , $56 ,S-6290
15-Apr-18,FA40894,HPL4550K17,Madrid, 3 , $42 ,S-1768
16-Apr-18,FA48079,GFRT45FRD2,Barcelona, 2 , $24 ,S-8500
16-Apr-18,FA69689,HPL4550K17,Valencia, 3 , $42 ,S-7526
16-Apr-18,FA43869,HPL4550K17,Geneva, 8 , $112 ,S-3274
20-Apr-18,FA18520,GFRT45FRD2,Valencia, 7 , $84 ,S-7526
21-Apr-18,FA78527,HG74477GF1,Marseille, 1 , $13 ,S-4823
21-Apr-18,FA83668,GFRT45FRD2,Madrid, 2 , $24 ,S-1768
22-Apr-18,FA42567,HG74477GF1,Madrid, 5 , $65 ,S-1768
23-Apr-18,FA11220,HG74477GF1,Valencia, 5 , $65 ,S-7526
25-Apr-18,FA29107,HG74477GF1,Toulouse, 1 , $13 ,S-3776
26-Apr-18,FA23604,XRG527H52J,Barcelona, 8 , $88 ,S-8500
26-Apr-18,FA11683,GFRT45FRD2,Barcelona, 7 , $84 ,S-8500
30-Apr-18,FA38672,HPL4550K17,Lyon, 8 , $112 ,S-6290
2-May-18,FA20120,XRG527H52J,Madrid, 8 , $88 ,S-1768
4-May-18,FA52653,GFRT45FRD2,Toulouse, 3 , $36 ,S-3776
5-May-18,FA39418,XRG527H52J,Paris, 2 , $22 ,S-2705
5-May-18,FA21421,HPL4550K17,Paris, 8 , $112 ,S-2705
5-May-18,FA81829,GFRT45FRD2,Paris, 3 , $36 ,S-2705
9-May-18,FA40447,GFRT45FRD2,Paris, 1 , $12 ,S-2705
11-May-18,FA37997,XRG527H52J,Marseille, 2 , $22 ,S-4823
12-May-18,FA11722,GFRT45FRD2,Lyon, 1 , $12 ,S-6290
12-May-18,FA22024,GFRT45FRD2,Zurich, 6 , $72 ,S-7393
13-May-18,FA58298,HG74477GF1,Brussels, 1 , $13 ,S-9952
13-May-18,FA55107,GFRT45FRD2,Berlin, 6 , $72 ,S-4636
16-May-18,FA40145,HG74477GF1,Berlin, 1 , $13 ,S-4636
16-May-18,FA31315,HG74477GF1,Marseille, 2 , $26 ,S-4823
20-May-18,FA53837,HPL4550K17,Lyon, 1 , $14 ,S-6290
20-May-18,FA32804,HG74477GF1,Toulouse, 2 , $26 ,S-3776
21-May-18,FA64454,GFRT45FRD2,Antwerp, 6 , $72 ,S-3557
22-May-18,FA54327,GFRT45FRD2,Berlin, 6 , $72 ,S-4636
24-May-18,FA45497,HPL4550K17,Paris, 1 , $14 ,S-2705
25-May-18,FA54900,XRG527H52J,Brussels, 1 , $11 ,S-9952
27-May-18,FA91710,HPL4550K17,Toulouse, 5 , $70 ,S-3776
30-May-18,FA59979,XRG527H52J,Berlin, 1 , $11 ,S-4636
30-May-18,FA19520,XRG527H52J,Valencia, 7 , $77 ,S-7526
2-Jun-18,FA68133,HPL4550K17,Antwerp, 7 , $98 ,S-3557
2-Jun-18,FA17322,HPL4550K17,Paris, 5 , $70 ,S-2705
3-Jun-18,FA51117,HPL4550K17,Madrid, 7 , $98 ,S-1768
4-Jun-18,FA98373,HPL4550K17,Berlin, 7 , $98 ,S-4636
5-Jun-18,FA74595,XRG527H52J,Barcelona, 7 , $77 ,S-8500
7-Jun-18,FA10196,GFRT45FRD2,Brussels, 1 , $12 ,S-9952
8-Jun-18,FA19398,GFRT45FRD2,Berlin, 1 , $12 ,S-4636
8-Jun-18,FA16127,HPL4550K17,Valencia, 7 , $98 ,S-7526
10-Jun-18,FA13720,HG74477GF1,Barcelona, 2 , $26 ,S-8500
11-Jun-18,FA49791,HG74477GF1,Madrid, 2 , $26 ,S-1768
13-Jun-18,FA90650,HPL4550K17,Antwerp, 7 , $98 ,S-3557
15-Jun-18,FA31265,HPL4550K17,Berlin, 7 , $98 ,S-4636
15-Jun-18,FA35414,XRG527H52J,Geneva, 2 , $22 ,S-3274
16-Jun-18,FA76200,HG74477GF1,Valencia, 5 , $65 ,S-7526
18-Jun-18,FA56287,HPL4550K17,Berlin, 3 , $42 ,S-4636
21-Jun-18,FA28633,HG74477GF1,Barcelona, 5 , $65 ,S-8500
21-Jun-18,FA81129,HPL4550K17,Zurich, 8 , $112 ,S-7393
21-Jun-18,FA55718,XRG527H52J,Zurich, 2 , $22 ,S-7393
22-Jun-18,FA85096,HPL4550K17,Geneva, 3 , $42 ,S-3274
22-Jun-18,FA23405,HPL4550K17,Berlin, 8 , $112 ,S-4636
23-Jun-18,FA33600,HG74477GF1,Paris, 6 , $78 ,S-2705
25-Jun-18,FA55388,HPL4550K17,Brussels, 5 , $70 ,S-9952
26-Jun-18,FA55987,HPL4550K17,Antwerp, 1 , $14 ,S-3557
26-Jun-18,FA34364,HPL4550K17,Berlin, 5 , $70 ,S-4636
27-Jun-18,FA47438,GFRT45FRD2,Paris, 3 , $36 ,S-2705
27-Jun-18,FA36707,HG74477GF1,Marseille, 6 , $78 ,S-4823
28-Jun-18,FA75830,HPL4550K17,Berlin, 1 , $14 ,S-4636
28-Jun-18,FA42321,GFRT45FRD2,Lyon, 3 , $36 ,S-6290
30-Jun-18,FA91103,HPL4550K17,Geneva, 1 , $14 ,S-3274
2-Jul-18,FA10684,GFRT45FRD2,Madrid, 4 , $48 ,S-1768
6-Jul-18,FA27950,HPL4550K17,Brussels, 6 , $84 ,S-9952
6-Jul-18,FA39509,GFRT45FRD2,Valencia, 4 , $48 ,S-7526
6-Jul-18,FA52194,HPL4550K17,Zurich, 1 , $14 ,S-7393
8-Jul-18,FA96883,HPL4550K17,Berlin, 6 , $84 ,S-4636
9-Jul-18,FA91405,XRG527H52J,Berlin, 1 , $11 ,S-4636
10-Jul-18,FA83485,XRG527H52J,Geneva, 1 , $11 ,S-3274
12-Jul-18,FA98071,HPL4550K17,Barcelona, 4 , $56 ,S-8500
14-Jul-18,FA13679,XRG527H52J,Valencia, 3 , $33 ,S-7526
15-Jul-18,FA47776,HPL4550K17,Madrid, 4 , $56 ,S-1768
17-Jul-18,FA29854,XRG527H52J,Antwerp, 8 , $88 ,S-3557
18-Jul-18,FA54121,XRG527H52J,Berlin, 8 , $88 ,S-4636
18-Jul-18,FA77194,XRG527H52J,Barcelona, 3 , $33 ,S-8500
20-Jul-18,FA62748,HG74477GF1,Madrid, 4 , $52 ,S-1768
23-Jul-18,FA94961,HPL4550K17,Brussels, 6 , $84 ,S-9952
23-Jul-18,FA40537,HG74477GF1,Valencia, 4 , $52 ,S-7526
24-Jul-18,FA56913,XRG527H52J,Barcelona, 6 , $66 ,S-8500
26-Jul-18,FA72320,HPL4550K17,Berlin, 6 , $84 ,S-4636
27-Jul-18,FA32608,XRG527H52J,Madrid, 6 , $66 ,S-1768
27-Jul-18,FA90810,XRG527H52J,Zurich, 5 , $55 ,S-7393
28-Jul-18,FA85015,XRG527H52J,Berlin, 5 , $55 ,S-4636
31-Jul-18,FA10906,HPL4550K17,Marseille, 1 , $14 ,S-4823
3-Aug-18,FA24449,XRG527H52J,Valencia, 3 , $36 ,S-7526
4-Aug-18,FA52023,HPL4550K17,Toulouse, 1 , $14 ,S-3776
5-Aug-18,FA12901,HPL4550K17,Lyon, 3 , $45 ,S-6290
7-Aug-18,FA77678,HPL4550K17,Paris, 3 , $45 ,S-2705
7-Aug-18,FA92566,XRG527H52J,Barcelona, 3 , $36 ,S-8500
8-Aug-18,FA26292,HPL4550K17,Geneva, 3 , $45 ,S-3274
10-Aug-18,FA18496,XRG527H52J,Antwerp, 5 , $60 ,S-3557
10-Aug-18,FA28259,HPL4550K17,Zurich, 3 , $45 ,S-7393
13-Aug-18,FA21954,XRG527H52J,Toulouse, 2 , $24 ,S-3776
15-Aug-18,FA60502,XRG527H52J,Paris, 3 , $36 ,S-2705
15-Aug-18,FA14147,XRG527H52J,Paris, 2 , $24 ,S-2705
16-Aug-18,FA28288,XRG527H52J,Paris, 5 , $60 ,S-2705
18-Aug-18,FA55754,GFRT45FRD2,Madrid, 6 , $78 ,S-1768
20-Aug-18,FA90137,GFRT45FRD2,Barcelona, 7 , $91 ,S-8500
21-Aug-18,FA15684,XRG527H52J,Marseille, 3 , $36 ,S-4823
21-Aug-18,FA25048,HPL4550K17,Valencia, 2 , $30 ,S-7526
21-Aug-18,FA23822,GFRT45FRD2,Valencia, 6 , $78 ,S-7526
22-Aug-18,FA66885,GFRT45FRD2,Madrid, 7 , $91 ,S-1768
24-Aug-18,FA28976,HPL4550K17,Paris, 7 , $105 ,S-2705
26-Aug-18,FA43212,HPL4550K17,Barcelona, 2 , $30 ,S-8500
27-Aug-18,FA58109,HPL4550K17,Marseille, 7 , $105 ,S-4823
30-Aug-18,FA83021,HPL4550K17,Lyon, 7 , $105 ,S-6290
30-Aug-18,FA79804,HPL4550K17,Toulouse, 7 , $105 ,S-3776
30-Aug-18,FA58184,XRG527H52J,Madrid, 1 , $11 ,S-1768
1-Sep-18,FA62745,XRG527H52J,Valencia, 1 , $11 ,S-7526
2-Sep-18,FA69741,XRG527H52J,Brussels, 7 , $84 ,S-9952
6-Sep-18,FA95684,XRG527H52J,Paris, 7 , $84 ,S-2705
6-Sep-18,FA37215,GFRT45FRD2,Barcelona, 4 , $52 ,S-8500
7-Sep-18,FA43602,HPL4550K17,Valencia, 7 , $105 ,S-7526
7-Sep-18,FA57610,GFRT45FRD2,Madrid, 4 , $52 ,S-1768
9-Sep-18,FA32784,HPL4550K17,Barcelona, 7 , $105 ,S-8500
10-Sep-18,FA95031,XRG527H52J,Berlin, 7 , $84 ,S-4636
13-Sep-18,FA43838,XRG527H52J,Lyon, 4 , $48 ,S-6290
14-Sep-18,FA58537,GFRT45FRD2,Madrid, 8 , $104 ,S-1768
15-Sep-18,FA84785,XRG527H52J,Paris, 4 , $48 ,S-2705
15-Sep-18,FA91169,XRG527H52J,Geneva, 7 , $84 ,S-3274
17-Sep-18,FA98113,HPL4550K17,Antwerp, 8 , $120 ,S-3557
17-Sep-18,FA67462,GFRT45FRD2,Valencia, 8 , $104 ,S-7526
19-Sep-18,FA74812,HPL4550K17,Paris, 8 , $120 ,S-2705
21-Sep-18,FA63469,XRG527H52J,Barcelona, 5 , $60 ,S-8500
25-Sep-18,FA93937,HPL4550K17,Brussels, 3 , $45 ,S-9952
27-Sep-18,FA10115,XRG527H52J,Madrid, 5 , $60 ,S-1768
29-Sep-18,FA40261,HG74477GF1,Toulouse, 2 , $28 ,S-3776
1-Oct-18,FA39677,HPL4550K17,Paris, 3 , $45 ,S-2705
3-Oct-18,FA62768,HG74477GF1,Paris, 2 , $28 ,S-2705
3-Oct-18,FA69624,HPL4550K17,Valencia, 5 , $75 ,S-7526
5-Oct-18,FA50866,XRG527H52J,Paris, 5 , $60 ,S-2705
6-Oct-18,FA67422,XRG527H52J,Marseille, 5 , $60 ,S-4823
7-Oct-18,FA70459,HG74477GF1,Madrid, 7 , $98 ,S-1768
9-Oct-18,FA63017,HPL4550K17,Barcelona, 5 , $75 ,S-8500
11-Oct-18,FA41726,XRG527H52J,Barcelona, 8 , $96 ,S-8500
13-Oct-18,FA80591,GFRT45FRD2,Antwerp, 1 , $13 ,S-3557
13-Oct-18,FA46421,HG74477GF1,Valencia, 7 , $98 ,S-7526
16-Oct-18,FA22045,HG74477GF1,Paris, 5 , $70 ,S-2705
16-Oct-18,FA54075,XRG527H52J,Madrid, 8 , $96 ,S-1768
17-Oct-18,FA59119,GFRT45FRD2,Paris, 1 , $12 ,S-2705
19-Oct-18,FA28017,HPL4550K17,Valencia, 7 , $105 ,S-7526
21-Oct-18,FA56435,HPL4550K17,Madrid, 7 , $105 ,S-1768
22-Oct-18,FA61748,HG74477GF1,Lyon, 5 , $70 ,S-6290
22-Oct-18,FA49516,GFRT45FRD2,Barcelona, 4 , $52 ,S-8500
24-Oct-18,FA36064,HPL4550K17,Barcelona, 7 , $105 ,S-8500
24-Oct-18,FA12066,HPL4550K17,Valencia, 7 , $105 ,S-7526
24-Oct-18,FA98779,HPL4550K17,Zurich, 3 , $45 ,S-7393
25-Oct-18,FA75528,GFRT45FRD2,Marseille, 1 , $13 ,S-4823
26-Oct-18,FA78330,HG74477GF1,Brussels, 5 , $70 ,S-9952
26-Oct-18,FA79361,HPL4550K17,Berlin, 3 , $45 ,S-4636
27-Oct-18,FA47569,HG74477GF1,Paris, 5 , $70 ,S-2705
27-Oct-18,FA61888,GFRT45FRD2,Madrid, 4 , $52 ,S-1768
28-Oct-18,FA22659,GFRT45FRD2,Geneva, 1 , $13 ,S-3274
29-Oct-18,FA63815,GFRT45FRD2,Zurich, 1 , $12 ,S-7393
30-Oct-18,FA75968,XRG527H52J,Valencia, 5 , $60 ,S-7526
31-Oct-18,FA27821,GFRT45FRD2,Toulouse, 1 , $12 ,S-3776
1-Nov-18,FA88533,GFRT45FRD2,Antwerp, 5 , $65 ,S-3557
1-Nov-18,FA49009,XRG527H52J,Barcelona, 5 , $60 ,S-8500
2-Nov-18,FA10247,GFRT45FRD2,Paris, 5 , $65 ,S-2705
3-Nov-18,FA16120,GFRT45FRD2,Lyon, 2 , $26 ,S-6290
6-Nov-18,FA95308,HG74477GF1,Toulouse, 7 , $98 ,S-3776
7-Nov-18,FA48033,HPL4550K17,Madrid, 8 , $120 ,S-1768
8-Nov-18,FA48025,HPL4550K17,Valencia, 8 , $120 ,S-7526
9-Nov-18,FA20231,GFRT45FRD2,Paris, 2 , $26 ,S-2705
9-Nov-18,FA97102,HG74477GF1,Paris, 7 , $98 ,S-2705
10-Nov-18,FA67703,HPL4550K17,Paris, 4 , $60 ,S-2705
11-Nov-18,FA91957,HPL4550K17,Barcelona, 4 , $60 ,S-8500
13-Nov-18,FA80412,HPL4550K17,Brussels, 7 , $105 ,S-9952
13-Nov-18,FA69983,HPL4550K17,Marseille, 4 , $60 ,S-4823
15-Nov-18,FA94256,XRG527H52J,Valencia, 2 , $24 ,S-7526
15-Nov-18,FA85764,HPL4550K17,Madrid, 4 , $60 ,S-1768
18-Nov-18,FA89700,HPL4550K17,Paris, 7 , $105 ,S-2705
18-Nov-18,FA70515,GFRT45FRD2,Paris, 3 , $39 ,S-2705
21-Nov-18,FA48610,GFRT45FRD2,Marseille, 5 , $65 ,S-4823
21-Nov-18,FA16087,XRG527H52J,Barcelona, 2 , $24 ,S-8500
22-Nov-18,FA50046,GFRT45FRD2,Lyon, 3 , $39 ,S-6290
23-Nov-18,FA97042,XRG527H52J,Antwerp, 1 , $11 ,S-3557
24-Nov-18,FA72661,GFRT45FRD2,Toulouse, 5 , $65 ,S-3776
25-Nov-18,FA60832,XRG527H52J,Madrid, 4 , $48 ,S-1768
28-Nov-18,FA62905,XRG527H52J,Barcelona, 7 , $84 ,S-8500
29-Nov-18,FA10188,XRG527H52J,Paris, 1 , $11 ,S-2705
29-Nov-18,FA28219,XRG527H52J,Valencia, 4 , $48 ,S-7526
1-Dec-18,FA44952,XRG527H52J,Valencia, 7 , $84 ,S-7526
2-Dec-18,FA39997,XRG527H52J,Barcelona, 7 , $84 ,S-8500
2-Dec-18,FA70953,HPL4550K17,Berlin, 3 , $45 ,S-4636
3-Dec-18,FA73777,HG74477GF1,Lyon, 4 , $56 ,S-6290
3-Dec-18,FA88954,XRG527H52J,Madrid, 7 , $84 ,S-1768
4-Dec-18,FA91620,HPL4550K17,Geneva, 3 , $45 ,S-3274
5-Dec-18,FA51220,HG74477GF1,Toulouse, 7 , $98 ,S-3776
6-Dec-18,FA91025,HPL4550K17,Paris, 5 , $75 ,S-2705
6-Dec-18,FA96975,HG74477GF1,Marseille, 7 , $98 ,S-4823
8-Dec-18,FA15920,XRG527H52J,Marseille, 3 , $36 ,S-4823
9-Dec-18,FA15868,HG74477GF1,Paris, 4 , $56 ,S-2705
9-Dec-18,FA87062,HPL4550K17,Lyon, 5 , $75 ,S-6290
10-Dec-18,FA83663,XRG527H52J,Brussels, 5 , $60 ,S-9952
10-Dec-18,FA62534,XRG527H52J,Toulouse, 3 , $36 ,S-3776
11-Dec-18,FA23918,HPL4550K17,Antwerp, 5 , $75 ,S-3557
12-Dec-18,FA93006,HPL4550K17,Madrid, 7 , $105 ,S-1768
13-Dec-18,FA88376,XRG527H52J,Paris, 5 , $60 ,S-2705
14-Dec-18,FA46584,HPL4550K17,Barcelona, 8 , $120 ,S-8500
14-Dec-18,FA78101,HPL4550K17,Valencia, 7 , $105 ,S-7526
15-Dec-18,FA23192,HPL4550K17,Paris, 5 , $75 ,S-2705
16-Dec-18,FA81434,XRG527H52J,Valencia, 4 , $48 ,S-7526
17-Dec-18,FA67306,HPL4550K17,Madrid, 8 , $120 ,S-1768
18-Dec-18,FA41214,XRG527H52J,Lyon, 6 , $72 ,S-6290
19-Dec-18,FA63456,HPL4550K17,Madrid, 3 , $45 ,S-1768
20-Dec-18,FA78083,GFRT45FRD2,Toulouse, 4 , $52 ,S-3776
21-Dec-18,FA80550,XRG527H52J,Barcelona, 4 , $48 ,S-8500
21-Dec-18,FA80510,HG74477GF1,Zurich, 5 , $70 ,S-7393
22-Dec-18,FA42908,HPL4550K17,Valencia, 3 , $45 ,S-7526
23-Dec-18,FA91976,XRG527H52J,Paris, 6 , $72 ,S-2705
24-Dec-18,FA97457,HPL4550K17,Barcelona, 2 , $30 ,S-8500
26-Dec-18,FA46601,HPL4550K17,Brussels, 2 , $30 ,S-9952
26-Dec-18,FA90640,GFRT45FRD2,Paris, 4 , $52 ,S-2705
27-Dec-18,FA64638,HG74477GF1,Berlin, 5 , $70 ,S-4636
29-Dec-18,FA92553,HPL4550K17,Antwerp, 1 , $14 ,S-3557
30-Dec-18,FA39051,GFRT45FRD2,Brussels, 8 , $104 ,S-9952
30-Dec-18,FA32029,HPL4550K17,Madrid, 2 , $30 ,S-1768
31-Dec-18,FA70033,HPL4550K17,Paris, 2 , $30 ,S-2705
31-Dec-18,FA94528,HPL4550K17,Paris, 1 , $14 ,S-2705
31-Dec-18,FA24955,HG74477GF1,Paris, 1 , $14 ,S-2705
1-Jan-19,FA90295,HPL4550K17,Paris, 7 , $105 ,S-2705
3-Jan-19,FA63512,GFRT45FRD2,Paris, 8 , $104 ,S-2705
4-Jan-19,FA49572,HG74477GF1,Marseille, 1 , $13 ,S-4823
4-Jan-19,FA60337,HPL4550K17,Valencia, 4 , $60 ,S-7526
6-Jan-19,FA27555,XRG527H52J,Marseille, 3 , $36 ,S-4823
7-Jan-19,FA27817,HPL4550K17,Lyon, 7 , $105 ,S-6290
8-Jan-19,FA58994,XRG527H52J,Toulouse, 3 , $36 ,S-3776
8-Jan-19,FA19469,HPL4550K17,Barcelona, 4 , $60 ,S-8500
9-Jan-19,FA46605,GFRT45FRD2,Antwerp, 2 , $26 ,S-3557
10-Jan-19,FA61602,HPL4550K17,Geneva, 6 , $90 ,S-3274
13-Jan-19,FA63076,GFRT45FRD2,Paris, 2 , $26 ,S-2705
13-Jan-19,FA52971,HG74477GF1,Lyon, 5 , $70 ,S-6290
13-Jan-19,FA37117,HPL4550K17,Zurich, 6 , $90 ,S-7393
16-Jan-19,FA87108,HPL4550K17,Toulouse, 7 , $105 ,S-3776
17-Jan-19,FA54880,HG74477GF1,Berlin, 7 , $98 ,S-4636
19-Jan-19,FA14400,HG74477GF1,Paris, 5 , $70 ,S-2705
19-Jan-19,FA77651,HG74477GF1,Madrid, 1 , $14 ,S-1768
20-Jan-19,FA89599,HPL4550K17,Paris, 7 , $105 ,S-2705
20-Jan-19,FA58454,GFRT45FRD2,Barcelona, 2 , $26 ,S-8500
21-Jan-19,FA82209,HG74477GF1,Geneva, 7 , $98 ,S-3274
22-Jan-19,FA49022,HG74477GF1,Paris, 3 , $42 ,S-2705
22-Jan-19,FA35775,HG74477GF1,Valencia, 1 , $13 ,S-7526
23-Jan-19,FA24847,HPL4550K17,Paris, 7 , $105 ,S-2705
24-Jan-19,FA47944,HG74477GF1,Marseille, 7 , $98 ,S-4823
25-Jan-19,FA28182,GFRT45FRD2,Madrid, 2 , $26 ,S-1768
26-Jan-19,FA69422,HG74477GF1,Marseille, 3 , $42 ,S-4823
26-Jan-19,FA53180,HG74477GF1,Valencia, 3 , $42 ,S-7526
27-Jan-19,FA68002,HPL4550K17,Lyon, 7 , $105 ,S-6290
28-Jan-19,FA53794,HG74477GF1,Barcelona, 3 , $42 ,S-8500
29-Jan-19,FA36699,GFRT45FRD2,Madrid, 5 , $65 ,S-1768
30-Jan-19,FA52141,HG74477GF1,Toulouse, 7 , $98 ,S-3776
1-Feb-19,FA67016,HG74477GF1,Zurich, 3 , $42 ,S-7393
3-Feb-19,FA88753,GFRT45FRD2,Geneva, 4 , $52 ,S-3274
4-Feb-19,FA77981,HPL4550K17,Lyon, 1 , $14 ,S-6290
4-Feb-19,FA61156,GFRT45FRD2,Valencia, 5 , $65 ,S-7526
7-Feb-19,FA99873,HPL4550K17,Toulouse, 8 , $120 ,S-3776
7-Feb-19,FA12408,HG74477GF1,Berlin, 3 , $42 ,S-4636
7-Feb-19,FA29792,GFRT45FRD2,Zurich, 4 , $52 ,S-7393
9-Feb-19,FA21535,HPL4550K17,Paris, 1 , $14 ,S-2705
10-Feb-19,FA58840,XRG527H52J,Barcelona, 7 , $84 ,S-8500
11-Feb-19,FA76159,XRG527H52J,Valencia, 4 , $48 ,S-7526
12-Feb-19,FA49277,HPL4550K17,Paris, 8 , $120 ,S-2705
13-Feb-19,FA98810,XRG527H52J,Madrid, 7 , $84 ,S-1768
14-Feb-19,FA40659,HPL4550K17,Madrid, 7 , $105 ,S-1768
14-Feb-19,FA26304,XRG527H52J,Barcelona, 4 , $48 ,S-8500
16-Feb-19,FA41723,GFRT45FRD2,Barcelona, 8 , $104 ,S-8500
18-Feb-19,FA86532,GFRT45FRD2,Paris, 8 , $104 ,S-2705
20-Feb-19,FA57289,HPL4550K17,Valencia, 7 , $105 ,S-7526
21-Feb-19,FA81459,HPL4550K17,Valencia, 6 , $90 ,S-7526
22-Feb-19,FA48798,GFRT45FRD2,Madrid, 8 , $104 ,S-1768
24-Feb-19,FA26777,HPL4550K17,Paris, 5 , $75 ,S-2705
24-Feb-19,FA52136,GFRT45FRD2,Marseille, 8 , $104 ,S-4823
24-Feb-19,FA12392,HPL4550K17,Barcelona, 6 , $90 ,S-8500
25-Feb-19,FA14482,GFRT45FRD2,Marseille, 4 , $52 ,S-4823
25-Feb-19,FA15286,HPL4550K17,Lyon, 5 , $75 ,S-6290
26-Feb-19,FA74257,GFRT45FRD2,Toulouse, 4 , $52 ,S-3776
28-Feb-19,FA31665,HG74477GF1,Madrid, 7 , $98 ,S-1768
1-Mar-19,FA74072,HG74477GF1,Lyon, 8 , $112 ,S-6290
3-Mar-19,FA27177,HG74477GF1,Valencia, 7 , $98 ,S-7526
4-Mar-19,FA95465,HG74477GF1,Brussels, 8 , $112 ,S-9952
4-Mar-19,FA51864,HG74477GF1,Paris, 8 , $112 ,S-2705
7-Mar-19,FA67851,GFRT45FRD2,Barcelona, 2 , $26 ,S-8500
8-Mar-19,FA89341,GFRT45FRD2,Madrid, 2 , $26 ,S-1768
10-Mar-19,FA89262,XRG527H52J,Antwerp, 1 , $11 ,S-3557
10-Mar-19,FA80642,HG74477GF1,Paris, 8 , $112 ,S-2705
12-Mar-19,FA57022,GFRT45FRD2,Valencia, 6 , $78 ,S-7526
13-Mar-19,FA45370,HPL4550K17,Toulouse, 1 , $14 ,S-3776
15-Mar-19,FA82024,XRG527H52J,Paris, 1 , $11 ,S-2705
16-Mar-19,FA97137,HPL4550K17,Paris, 6 , $90 ,S-2705
17-Mar-19,FA30461,HPL4550K17,Paris, 1 , $14 ,S-2705
17-Mar-19,FA68118,GFRT45FRD2,Barcelona, 6 , $78 ,S-8500
18-Mar-19,FA39060,GFRT45FRD2,Berlin, 4 , $52 ,S-4636
19-Mar-19,FA38576,HG74477GF1,Paris, 8 , $112 ,S-2705
20-Mar-19,FA18169,GFRT45FRD2,Geneva, 4 , $52 ,S-3274
21-Mar-19,FA94909,XRG527H52J,Brussels, 6 , $72 ,S-9952
22-Mar-19,FA62140,HPL4550K17,Marseille, 6 , $90 ,S-4823
22-Mar-19,FA79948,HG74477GF1,Lyon, 8 , $112 ,S-6290
23-Mar-19,FA57907,HPL4550K17,Antwerp, 3 , $45 ,S-3557
23-Mar-19,FA59135,XRG527H52J,Paris, 6 , $72 ,S-2705
25-Mar-19,FA72810,HG74477GF1,Madrid, 1 , $14 ,S-1768
28-Mar-19,FA78342,HPL4550K17,Zurich, 3 , $45 ,S-7393
29-Mar-19,FA81623,HPL4550K17,Paris, 3 , $45 ,S-2705
31-Mar-19,FA48323,GFRT45FRD2,Marseille, 3 , $39 ,S-4823
31-Mar-19,FA40132,HG74477GF1,Valencia, 1 , $13 ,S-7526
1-Apr-19,FA87607,GFRT45FRD2,Toulouse, 3 , $39 ,S-3776
2-Apr-19,FA98558,HPL4550K17,Lyon, 4 , $60 ,S-6290
3-Apr-19,FA19336,HPL4550K17,Berlin, 3 , $45 ,S-4636
4-Apr-19,FA67250,HG74477GF1,Barcelona, 7 , $98 ,S-8500
6-Apr-19,FA28045,HG74477GF1,Madrid, 7 , $98 ,S-1768
7-Apr-19,FA11497,HPL4550K17,Valencia, 8 , $120 ,S-7526
8-Apr-19,FA46308,XRG527H52J,Toulouse, 2 , $24 ,S-3776
8-Apr-19,FA18018,HPL4550K17,Paris, 4 , $60 ,S-2705
8-Apr-19,FA74801,HPL4550K17,Barcelona, 8 , $120 ,S-8500
11-Apr-19,FA93221,HPL4550K17,Paris, 2 , $30 ,S-2705
11-Apr-19,FA92925,XRG527H52J,Paris, 2 , $24 ,S-2705
13-Apr-19,FA64903,GFRT45FRD2,Paris, 7 , $91 ,S-2705
15-Apr-19,FA23394,HPL4550K17,Madrid, 6 , $90 ,S-1768
16-Apr-19,FA24630,XRG527H52J,Geneva, 8 , $96 ,S-3274
17-Apr-19,FA82122,HPL4550K17,Marseille, 2 , $30 ,S-4823
17-Apr-19,FA89553,GFRT45FRD2,Lyon, 7 , $91 ,S-6290
17-Apr-19,FA71173,HG74477GF1,Barcelona, 6 , $84 ,S-8500
17-Apr-19,FA16288,XRG527H52J,Zurich, 8 , $96 ,S-7393
18-Apr-19,FA58358,HPL4550K17,Valencia, 6 , $90 ,S-7526
18-Apr-19,FA22556,HG74477GF1,Madrid, 6 , $84 ,S-1768
19-Apr-19,FA49677,HPL4550K17,Valencia, 8 , $120 ,S-7526
20-Apr-19,FA16105,HG74477GF1,Brussels, 1 , $14 ,S-9952
22-Apr-19,FA79886,HG74477GF1,Paris, 1 , $13 ,S-2705
22-Apr-19,FA84115,HPL4550K17,Marseille, 7 , $105 ,S-4823
22-Apr-19,FA46730,HPL4550K17,Barcelona, 8 , $120 ,S-8500
23-Apr-19,FA87278,GFRT45FRD2,Lyon, 5 , $65 ,S-6290
24-Apr-19,FA99352,HPL4550K17,Antwerp, 1 , $14 ,S-3557
25-Apr-19,FA88575,HPL4550K17,Toulouse, 7 , $105 ,S-3776
26-Apr-19,FA17772,HPL4550K17,Madrid, 8 , $120 ,S-1768
28-Apr-19,FA32148,HPL4550K17,Valencia, 8 , $120 ,S-7526
28-Apr-19,FA89571,GFRT45FRD2,Berlin, 6 , $78 ,S-4636
29-Apr-19,FA11750,HPL4550K17,Toulouse, 6 , $90 ,S-3776
29-Apr-19,FA74466,GFRT45FRD2,Paris, 5 , $65 ,S-2705
30-Apr-19,FA92183,HPL4550K17,Paris, 1 , $14 ,S-2705
30-Apr-19,FA14768,HPL4550K17,Marseille, 6 , $90 ,S-4823
1-May-19,FA70874,GFRT45FRD2,Geneva, 6 , $78 ,S-3274
2-May-19,FA94000,HG74477GF1,Paris, 5 , $70 ,S-2705
4-May-19,FA20725,HG74477GF1,Lyon, 5 , $70 ,S-6290
5-May-19,FA75012,HPL4550K17,Marseille, 5 , $75 ,S-4823
6-May-19,FA10437,HG74477GF1,Barcelona, 1 , $14 ,S-8500
7-May-19,FA70790,GFRT45FRD2,Lyon, 7 , $91 ,S-6290
8-May-19,FA39409,HPL4550K17,Toulouse, 5 , $75 ,S-3776
9-May-19,FA57396,HG74477GF1,Toulouse, 5 , $70 ,S-3776
10-May-19,FA87909,GFRT45FRD2,Paris, 5 , $65 ,S-2705
10-May-19,FA96761,HG74477GF1,Madrid, 1 , $13 ,S-1768
11-May-19,FA35496,XRG527H52J,Valencia, 5 , $60 ,S-7526
12-May-19,FA76680,HPL4550K17,Brussels, 4 , $60 ,S-9952
12-May-19,FA18879,GFRT45FRD2,Nice, 7 , $91 ,S-4631
13-May-19,FA38649,XRG527H52J,Paris, 6 , $72 ,S-2705
13-May-19,FA89139,XRG527H52J,Barcelona, 5 , $60 ,S-8500
15-May-19,FA21712,HG74477GF1,Paris, 5 , $70 ,S-2705
15-May-19,FA32105,XRG527H52J,Lyon, 6 , $72 ,S-6290
16-May-19,FA11791,HG74477GF1,Antwerp, 5 , $70 ,S-3557
16-May-19,FA81279,HPL4550K17,Paris, 4 , $60 ,S-2705
16-May-19,FA65135,GFRT45FRD2,Marseille, 5 , $65 ,S-4823
17-May-19,FA32311,HPL4550K17,Marseille, 8 , $120 ,S-4823
19-May-19,FA31083,HPL4550K17,Lyon, 5 , $75 ,S-6290
21-May-19,FA69472,HG74477GF1,Paris, 5 , $70 ,S-2705
21-May-19,FA98800,HG74477GF1,Toulouse, 8 , $112 ,S-3776
21-May-19,FA90836,HPL4550K17,Nice, 5 , $75 ,S-4631
22-May-19,FA46581,HPL4550K17,Toulouse, 8 , $120 ,S-3776
22-May-19,FA54663,XRG527H52J,Madrid, 3 , $36 ,S-1768
23-May-19,FA38023,GFRT45FRD2,Zurich, 2 , $26 ,S-7393
24-May-19,FA13089,HG74477GF1,Paris, 8 , $112 ,S-2705
24-May-19,FA79527,XRG527H52J,Valencia, 3 , $36 ,S-7526
25-May-19,FA85112,HPL4550K17,Barcelona, 3 , $45 ,S-8500
27-May-19,FA79239,HPL4550K17,Madrid, 3 , $45 ,S-1768
27-May-19,FA56161,GFRT45FRD2,Berlin, 2 , $26 ,S-4636
28-May-19,FA76247,XRG527H52J,Valencia, 3 , $36 ,S-7526
29-May-19,FA93482,HPL4550K17,Madrid, 8 , $120 ,S-1768
30-May-19,FA89581,HPL4550K17,Nice, 2 , $30 ,S-4631
31-May-19,FA11467,HPL4550K17,Valencia, 8 , $120 ,S-7526
1-Jun-19,FA31068,XRG527H52J,Barcelona, 3 , $36 ,S-8500
2-Jun-19,FA40617,HPL4550K17,Barcelona, 7 , $105 ,S-8500
3-Jun-19,FA51824,HPL4550K17,Madrid, 7 , $105 ,S-1768
4-Jun-19,FA73586,HPL4550K17,Marseille, 2 , $30 ,S-4823
5-Jun-19,FA11528,HPL4550K17,Paris, 4 , $60 ,S-2705
6-Jun-19,FA83936,XRG527H52J,Geneva, 1 , $11 ,S-3274
8-Jun-19,FA25033,HPL4550K17,Lyon, 4 , $60 ,S-6290
8-Jun-19,FA45036,XRG527H52J,Zurich, 1 , $11 ,S-7393
9-Jun-19,FA69703,HPL4550K17,Valencia, 3 , $45 ,S-7526
10-Jun-19,FA82365,HPL4550K17,Barcelona, 3 , $45 ,S-8500
12-Jun-19,FA88793,HPL4550K17,Marseille, 7 , $105 ,S-4823
14-Jun-19,FA89739,HPL4550K17,Toulouse, 7 , $105 ,S-3776
14-Jun-19,FA89295,XRG527H52J,Berlin, 2 , $24 ,S-4636
17-Jun-19,FA66921,XRG527H52J,Madrid, 3 , $36 ,S-1768
18-Jun-19,FA34062,XRG527H52J,Geneva, 2 , $24 ,S-3274
19-Jun-19,FA69148,HG74477GF1,Barcelona, 7 , $98 ,S-8500
19-Jun-19,FA75297,XRG527H52J,Valencia, 3 , $36 ,S-7526
22-Jun-19,FA26517,HPL4550K17,Valencia, 7 , $105 ,S-7526
23-Jun-19,FA82758,HG74477GF1,Madrid, 7 , $98 ,S-1768
25-Jun-19,FA84194,HG74477GF1,Lyon, 4 , $56 ,S-6290
26-Jun-19,FA54110,HPL4550K17,Barcelona, 7 , $105 ,S-8500
27-Jun-19,FA92893,GFRT45FRD2,Madrid, 6 , $78 ,S-1768
28-Jun-19,FA30258,GFRT45FRD2,Toulouse, 1 , $13 ,S-3776
29-Jun-19,FA95671,HG74477GF1,Nice, 4 , $56 ,S-4631
29-Jun-19,FA46069,GFRT45FRD2,Valencia, 6 , $78 ,S-7526
29-Jun-19,FA92629,XRG527H52J,Zurich, 3 , $36 ,S-7393
30-Jun-19,FA77126,GFRT45FRD2,Paris, 1 , $12 ,S-2705
2-Jul-19,FA19907,GFRT45FRD2,Barcelona, 1 , $13 ,S-8500
3-Jul-19,FA60511,HPL4550K17,Valencia, 7 , $105 ,S-7526
4-Jul-19,FA25559,GFRT45FRD2,Madrid, 1 , $12 ,S-1768
4-Jul-19,FA76757,XRG527H52J,Berlin, 3 , $36 ,S-4636
5-Jul-19,FA75934,GFRT45FRD2,Madrid, 7 , $91 ,S-1768
7-Jul-19,FA74648,HPL4550K17,Nice, 3 , $45 ,S-4631
9-Jul-19,FA27962,HG74477GF1,Paris, 1 , $14 ,S-2705
9-Jul-19,FA69176,HPL4550K17,Barcelona, 7 , $105 ,S-8500
10-Jul-19,FA60153,GFRT45FRD2,Valencia, 7 , $91 ,S-7526
11-Jul-19,FA83819,GFRT45FRD2,Brussels, 8 , $104 ,S-9952
11-Jul-19,FA88871,HG74477GF1,Lyon, 1 , $13 ,S-6290
12-Jul-19,FA53919,HPL4550K17,Marseille, 3 , $45 ,S-4823
12-Jul-19,FA53358,XRG527H52J,Barcelona, 2 , $24 ,S-8500
15-Jul-19,FA89873,GFRT45FRD2,Paris, 8 , $104 ,S-2705
15-Jul-19,FA92504,HG74477GF1,Marseille, 7 , $98 ,S-4823
15-Jul-19,FA83945,XRG527H52J,Madrid, 2 , $24 ,S-1768
17-Jul-19,FA19388,XRG527H52J,Antwerp, 1 , $11 ,S-3557
18-Jul-19,FA31463,HG74477GF1,Toulouse, 7 , $98 ,S-3776
19-Jul-19,FA83748,HPL4550K17,Geneva, 7 , $105 ,S-3274
20-Jul-19,FA26860,XRG527H52J,Paris, 1 , $11 ,S-2705
22-Jul-19,FA39781,HPL4550K17,Lyon, 6 , $90 ,S-6290
23-Jul-19,FA91930,HPL4550K17,Valencia, 7 , $105 ,S-7526
24-Jul-19,FA25372,HPL4550K17,Madrid, 4 , $60 ,S-1768
24-Jul-19,FA78011,HPL4550K17,Zurich, 7 , $105 ,S-7393
26-Jul-19,FA26095,HPL4550K17,Nice, 6 , $90 ,S-4631
27-Jul-19,FA31229,HPL4550K17,Brussels, 3 , $45 ,S-9952
27-Jul-19,FA27171,HPL4550K17,Barcelona, 7 , $105 ,S-8500
30-Jul-19,FA30932,HPL4550K17,Antwerp, 6 , $90 ,S-3557
30-Jul-19,FA13951,HPL4550K17,Valencia, 4 , $60 ,S-7526
1-Aug-19,FA72153,XRG527H52J,Barcelona, 8 , $96 ,S-8500
2-Aug-19,FA56605,HPL4550K17,Paris, 3 , $45 ,S-2705
3-Aug-19,FA87837,GFRT45FRD2,Brussels, 6 , $78 ,S-9952
3-Aug-19,FA28937,XRG527H52J,Madrid, 8 , $96 ,S-1768
5-Aug-19,FA49331,HPL4550K17,Paris, 6 , $90 ,S-2705
5-Aug-19,FA21604,GFRT45FRD2,Paris, 6 , $78 ,S-2705